a,b,a_radius,b_radius,a_lat,a_lng,b_lat,b_lng,local_remote
8647860_L,8647860_R1,100,100,32.2217,-110.9258,40.7039,-105.0081,1
8802091_L,8802091_R1,100,100,39.0444,-77.1192,37.775,-122.4183,1
9150656_L,9150656_R1,100,100,39.0444,-77.1192,37.775,-122.4183,1
9441049_L,9441049_R1,100,100,39.0444,-77.1192,37.775,-122.4183,1
9714295_L,9714295_R1,100,100,39.0444,-77.1192,37.775,-122.4183,1
9714296_L,9714296_R1,100,100,39.0444,-77.1192,37.775,-122.4183,1
9896508_L,9896508_R1,100,100,39.0828,-77.2653,37.775,-122.4183,1
8346328_L,8346328_R1,100,100,37.3842,-122.2342,44.8547,-93.4706,1
8352004_L,8352004_R1,100,100,37.3842,-122.2342,44.8547,-93.4706,1
8372014_L,8372014_R1,100,100,41.42,-73.2825,33.8492,-118.3875,1
8386010_L,8386010_R1,100,100,41.42,-73.2825,37.4853,-122.2353,1
8443294_L,8443294_R1,100,100,32.7153,-117.1564,32.7833,-96.8,1
8622916_L,8622916_R1,100,100,32.5839,-117.1122,40.7142,-74.0064,1
8628523_L,8628523_R1,100,100,40.015,-105.27,37.3689,-122.0353,1
8663213_L,8663213_R1,100,100,37.775,-122.4183,40.015,-105.27,1
8672933_L,8672933_R1,100,100,40.015,-105.27,37.3689,-122.0353,1
8740893_L,8740893_R1,100,100,37.3689,-122.0353,40.015,-105.27,1
8758243_L,8758243_R1,100,100,37.78,-121.9769,47.6064,-122.3308,1
8764765_L,8764765_R1,100,100,41.2428,-73.2011,32.8156,34.9892,1
8784333_L,8784333_R1,100,100,37.3542,-121.9542,32.5006,-94.7403,1
8808282_L,8808282_R1,100,100,37.3842,-122.2342,40.1672,-105.1014,1
8855734_L,8855734_R1,100,100,37.3842,-122.2342,44.8547,-93.4706,1
8911459_L,8911459_R1,100,100,37.43,-122.2528,32.5006,-94.7403,1
8961407_L,8961407_R1,100,100,41.2428,-73.2011,32.8156,34.9892,1
8974452_L,8974452_R1,100,100,37.775,-122.4183,40.015,-105.27,1
8974524_L,8974524_R1,100,100,38.4406,-122.7133,44.98,-93.2636,1
8998980_L,8998980_R1,100,100,38.4406,-122.7133,45.0792,-93.1469,1
9011486_L,9011486_R1,100,100,38.5472,-122.8153,47.6589,-117.425,1
9011486_L,9011486_R2,100,100,38.5472,-122.8153,35.8217,-84.0481,1
9011486_R1,9011486_R2,100,100,47.6589,-117.425,35.8217,-84.0481,0
9039691_L,9039691_R1,100,100,39.7392,-104.9842,37.4539,-122.1811,1
9072524_L,9072524_R1,100,100,39.7392,-104.9842,37.4539,-122.1811,1
9072524_L,9072524_R2,100,100,39.7392,-104.9842,34.9247,-81.0253,1
9072524_R1,9072524_R2,100,100,37.4539,-122.1811,34.9247,-81.0253,0
9084835_L,9084835_R1,100,100,38.4406,-122.7133,47.6589,-117.425,1
9084835_L,9084835_R2,100,100,38.4406,-122.7133,35.8217,-84.0481,1
9084835_R1,9084835_R2,100,100,47.6589,-117.425,35.8217,-84.0481,0
9186216_L,9186216_R1,100,100,37.775,-122.4183,40.015,-105.27,1
9192406_L,9192406_R1,100,100,37.4853,-122.2353,39.9611,-82.9989,1
9301802_L,9301802_R1,100,100,40.015,-105.27,37.3689,-122.0353,1
9333032_L,9333032_R1,100,100,37.3689,-122.0353,40.015,-105.27,1
9339575_L,9339575_R1,100,100,38.4406,-122.7133,47.6589,-117.425,1
9339575_L,9339575_R2,100,100,38.4406,-122.7133,35.8217,-84.0481,1
9339575_R1,9339575_R2,100,100,47.6589,-117.425,35.8217,-84.0481,0
9375276_L,9375276_R1,100,100,40.015,-105.27,37.3689,-122.0353,1
9468499_L,9468499_R1,100,100,37.775,-122.4183,40.1672,-105.1014,1
9480528_L,9480528_R1,100,100,37.775,-122.4183,40.1672,-105.1014,1
9492195_L,9492195_R1,100,100,41.2428,-73.2011,32.8156,34.9892,1
9522063_L,9522063_R1,100,100,38.4406,-122.7133,45.0792,-93.1469,1
9549778_L,9549778_R1,100,100,37.3689,-122.0353,39.7047,-105.0808,1
9561023_L,9561023_R1,100,100,38.5472,-122.8153,47.6589,-117.425,1
9561023_L,9561023_R2,100,100,38.5472,-122.8153,35.8217,-84.0481,1
9561023_R1,9561023_R2,100,100,47.6589,-117.425,35.8217,-84.0481,0
9592037_L,9592037_R1,100,100,38.5472,-122.8153,47.6589,-117.425,1
9592037_L,9592037_R2,100,100,38.5472,-122.8153,35.8217,-84.0481,1
9592037_R1,9592037_R2,100,100,47.6589,-117.425,35.8217,-84.0481,0
9649152_L,9649152_R1,100,100,39.9778,-105.1319,37.4539,-122.1811,1
9788854_L,9788854_R1,100,100,37.3542,-121.9542,32.5006,-94.7403,1
9788943_L,9788943_R1,100,100,38.4406,-122.7133,45.105,-93.2083,1
9788943_L,9788943_R2,100,100,38.4406,-122.7133,53.2969,-8.9936,1
9788943_R1,9788943_R2,100,100,45.105,-93.2083,53.2969,-8.9936,0
9808313_L,9808313_R1,100,100,40.015,-105.27,37.3689,-122.0353,1
9820814_L,9820814_R1,100,100,37.775,-122.4183,40.1672,-105.1014,1
9867664_L,9867664_R1,100,100,40.015,-105.27,37.3689,-122.0353,1
9918784_L,9918784_R1,100,100,39.9778,-105.1319,37.4539,-122.1811,1
9681951_L,9681951_R1,100,100,41.7619,-72.7425,33.6603,-117.9983,1
9687345_L,9687345_R1,100,100,41.7619,-72.7425,33.6469,-117.6883,1
9724083_L,9724083_R1,100,100,41.7619,-72.7425,33.6469,-117.6883,1
9730791_L,9730791_R1,100,100,41.7619,-72.7425,33.6603,-117.9983,1
6768995_L,6768995_R1,100,100,53.9218,-1.1021,44.7678,-93.2775,1
8188233_L,8188233_R1,100,100,40.31,-75.1303,37.3394,-121.8939,1
8188234_L,8188234_R1,100,100,40.31,-75.1303,37.3394,-121.8939,1
8188234_L,8188234_R2,100,100,40.31,-75.1303,41.6667,12.5,1
8188234_R1,8188234_R2,100,100,37.3394,-121.8939,41.6667,12.5,0
8697070_L,8697070_R1,100,100,40.31,-75.1303,37.3394,-121.8939,1
8697070_L,8697070_R2,100,100,40.31,-75.1303,41.6667,12.5,1
8697070_R1,8697070_R2,100,100,37.3394,-121.8939,41.6667,12.5,0
8802827_L,8802827_R1,100,100,39.1731,-77.2719,37.3394,-121.8939,1
8877900_L,8877900_R1,100,100,40.31,-75.1303,37.3394,-121.8939,1
8957194_L,8957194_R1,100,100,40.31,-75.1303,37.3394,-121.8939,1
8188233_L,8188233_R1,100,100,40.31,-75.1303,37.3394,-121.8939,1
8188234_L,8188234_R1,100,100,40.31,-75.1303,37.3394,-121.8939,1
8188234_L,8188234_R2,100,100,40.31,-75.1303,41.6667,12.5,1
8188234_R1,8188234_R2,100,100,37.3394,-121.8939,41.6667,12.5,0
8697070_L,8697070_R1,100,100,40.31,-75.1303,37.3394,-121.8939,1
8697070_L,8697070_R2,100,100,40.31,-75.1303,41.6667,12.5,1
8697070_R1,8697070_R2,100,100,37.3394,-121.8939,41.6667,12.5,0
8802827_L,8802827_R1,100,100,39.1731,-77.2719,37.3394,-121.8939,1
8877900_L,8877900_R1,100,100,40.31,-75.1303,37.3394,-121.8939,1
8957194_L,8957194_R1,100,100,40.31,-75.1303,37.3394,-121.8939,1
7473502_L,7473502_R1,100,100,42.4472,-71.225,53.9218,-1.1021,1
7473502_L,7473502_R2,100,100,42.4472,-71.225,24.8047,120.9714,1
7473502_R1,7473502_R2,100,100,53.9218,-1.1021,24.8047,120.9714,0
6448926_L,6448926_R1,100,100,39.0181,-77.2089,26.3583,-80.0833,1
9882610_L,9882610_R1,100,100,39.3,-85.2222,45.4872,-122.8025,1
9388455_L,9388455_R1,100,100,42.6881,-88.0514,32.3908,-110.9658,1
9410207_L,9410207_R1,100,100,41.85,-87.65,33.4483,-112.0733,1
9469877_L,9469877_R1,100,100,44.0217,-92.4697,32.3908,-110.9658,1
9617601_L,9617601_R1,100,100,42.0722,-87.7228,32.3908,-110.9658,1
7878485_L,7878485_R1,100,100,40.5886,-83.1286,43.0361,-70.8333,1
7878485_L,7878485_R2,100,100,40.5886,-83.1286,-36.8786,174.728,1
7878485_R1,7878485_R2,100,100,43.0361,-70.8333,-36.8786,174.728,0
8246013_L,8246013_R1,100,100,40.5886,-83.1286,43.0361,-70.8333,1
8246013_L,8246013_R2,100,100,40.5886,-83.1286,-36.8786,174.728,1
8246013_R1,8246013_R2,100,100,43.0361,-70.8333,-36.8786,174.728,0
8353499_L,8353499_R1,100,100,40.5886,-83.1286,43.0361,-70.8333,1
8353499_L,8353499_R2,100,100,40.5886,-83.1286,-36.8786,174.728,1
8353499_R1,8353499_R2,100,100,43.0361,-70.8333,-36.8786,174.728,0
8807536_L,8807536_R1,100,100,40.5886,-83.1286,43.0361,-70.8333,1
8807536_L,8807536_R2,100,100,40.5886,-83.1286,-36.8786,174.728,1
8807536_R1,8807536_R2,100,100,43.0361,-70.8333,-36.8786,174.728,0
9863106_L,9863106_R1,100,100,40.5886,-83.1286,43.0361,-70.8333,1
9863106_L,9863106_R2,100,100,40.5886,-83.1286,-36.8786,174.728,1
9863106_R1,9863106_R2,100,100,43.0361,-70.8333,-36.8786,174.728,0
7075466_L,7075466_R1,100,100,43.6667,-79.4167,33.6189,-117.9281,1
7701512_L,7701512_R1,100,100,33.6189,-117.9281,43.75,-79.2,1
7325374_L,7325374_R1,100,100,42.8694,-71.035,33.8886,-117.8122,1
7332125_L,7332125_R1,100,100,42.1417,-71.25,33.5092,-111.8983,1
5941416_L,5941416_R1,100,100,36.0725,-79.7922,44.8614,-92.6236,1
6664220_L,6664220_R1,100,100,44.8278,-92.9436,36.2444,-80.07,1
7056874_L,7056874_R1,100,100,36.2444,-80.07,44.9239,-92.9592,1
7863237_L,7863237_R1,100,100,36.0725,-79.7922,44.8547,-93.4706,1
7964544_L,7964544_R1,100,100,44.7319,-93.2175,36.0725,-79.7922,1
8372796_L,8372796_R1,100,100,36.0725,-79.7922,44.8547,-93.4706,1
8951956_L,8951956_R1,100,100,45.0097,-93.3489,36.3853,-79.9597,1
8621618_L,8621618_R1,100,100,33.7489,-84.3881,37.3861,-122.0828,1
8931095_L,8931095_R1,100,100,33.7489,-84.3881,41.8239,-71.4133,1
9319426_L,9319426_R1,100,100,30.2669,-97.7428,33.7489,-84.3881,1
9426226_L,9426226_R1,100,100,41.8239,-71.4133,31.78,35.23,1
9560062_L,9560062_R1,100,100,30.2669,-97.7428,33.7489,-84.3881,1
9762626_L,9762626_R1,100,100,41.8239,-71.4133,31.78,35.23,1
7226447_L,7226447_R1,100,100,37.3861,-122.0828,42.5464,-71.1742,1
7655003_L,7655003_R1,100,100,42.9125,-71.125,37.7417,-121.1233,1
7662133_L,7662133_R1,100,100,42.0653,-71.2483,35.0867,-89.81,1
7662133_L,7662133_R2,100,100,42.0653,-71.2483,37.3861,-122.0828,1
7662133_R1,7662133_R2,100,100,35.0867,-89.81,37.3861,-122.0828,0
7942881_L,7942881_R1,100,100,42.5,-70.8583,39.645,-106.5936,1
7951142_L,7951142_R1,100,100,37.3861,-122.0828,43.0972,-89.5042,1
7951142_L,7951142_R2,100,100,37.3861,-122.0828,42.8583,-70.9306,1
7951142_R1,7951142_R2,100,100,43.0972,-89.5042,42.8583,-70.9306,0
8052675_L,8052675_R1,100,100,42.9125,-71.125,37.7417,-121.1233,1
8066700_L,8066700_R1,100,100,42.7344,-71.325,42.9608,-89.4697,1
8066700_L,8066700_R2,100,100,42.7344,-71.325,37.3861,-122.0828,1
8066700_R1,8066700_R2,100,100,42.9608,-89.4697,37.3861,-122.0828,0
8348934_L,8348934_R1,100,100,42.9125,-71.125,37.7417,-121.1233,1
8377058_L,8377058_R1,100,100,37.3861,-122.0828,43.0972,-89.5042,1
8377058_L,8377058_R2,100,100,37.3861,-122.0828,42.8583,-70.9306,1
8377058_R1,8377058_R2,100,100,43.0972,-89.5042,42.8583,-70.9306,0
8500734_L,8500734_R1,100,100,37.3861,-122.0828,43.0972,-89.5042,1
8500734_L,8500734_R2,100,100,37.3861,-122.0828,42.8583,-70.9306,1
8500734_R1,8500734_R2,100,100,43.0972,-89.5042,42.8583,-70.9306,0
8603082_L,8603082_R1,100,100,42.9125,-71.125,37.7417,-121.1233,1
8758367_L,8758367_R1,100,100,42.0333,-71.2194,30.2394,-81.3858,1
8758367_L,8758367_R2,100,100,42.0333,-71.2194,39.6403,-106.3736,1
8758367_R1,8758367_R2,100,100,30.2394,-81.3858,39.6403,-106.3736,0
8795312_L,8795312_R1,100,100,42.5,-70.8583,39.645,-106.5936,1
8956347_L,8956347_R1,100,100,42.9125,-71.125,37.7417,-121.1233,1
9155547_L,9155547_R1,100,100,42.5,-70.8583,39.645,-106.5936,1
9370397_L,9370397_R1,100,100,37.3861,-122.0828,43.0972,-89.5042,1
9370397_L,9370397_R2,100,100,37.3861,-122.0828,42.8583,-70.9306,1
9370397_R1,9370397_R2,100,100,43.0972,-89.5042,42.8583,-70.9306,0
9439705_L,9439705_R1,100,100,42.5,-70.8583,39.645,-106.5936,1
9572564_L,9572564_R1,100,100,42.0333,-71.2194,30.2394,-81.3858,1
9572564_L,9572564_R2,100,100,42.0333,-71.2194,39.6403,-106.3736,1
9572564_R1,9572564_R2,100,100,30.2394,-81.3858,39.6403,-106.3736,0
9931150_L,9931150_R1,100,100,42.0333,-71.2194,30.2394,-81.3858,1
9931150_L,9931150_R2,100,100,42.0333,-71.2194,39.645,-106.5936,1
9931150_R1,9931150_R2,100,100,30.2394,-81.3858,39.645,-106.5936,0
7477206_L,7477206_R1,100,100,34.0522,-118.2428,43.5094,-80.4625,1
7508589_L,7508589_R1,100,100,34.0522,-118.2428,40.015,-105.27,1
7583437_L,7583437_R1,100,100,34.0522,-118.2428,43.5094,-80.4625,1
7633666_L,7633666_R1,100,100,34.0522,-118.2428,43.5094,-80.4625,1
7670004_L,7670004_R1,100,100,34.0522,-118.2428,43.5094,-80.4625,1
8803269_L,8803269_R1,100,100,40.6347,-75.5847,37.3797,-122.1364,1
8830466_L,8830466_R1,100,100,37.5483,-121.9875,40.6347,-75.5847,1
8876410_L,8876410_R1,100,100,40.6083,-75.4906,37.3797,-122.1364,1
8905632_L,8905632_R1,100,100,40.6347,-75.5847,37.5483,-121.9875,1
9031107_L,9031107_R1,100,100,40.6347,-75.5847,37.3394,-121.8939,1
9052445_L,9052445_R1,100,100,40.6347,-75.5847,37.3797,-122.1364,1
9213152_L,9213152_R1,100,100,40.6347,-75.5847,37.3797,-122.1364,1
9235019_L,9235019_R1,100,100,40.6083,-75.4906,37.3394,-121.8939,1
9261652_L,9261652_R1,100,100,40.5367,-75.6317,37.3797,-122.1364,1
9343450_L,9343450_R1,100,100,40.6347,-75.5847,37.3797,-122.1364,1
9417412_L,9417412_R1,100,100,37.5483,-121.9875,40.6347,-75.5847,1
9435965_L,9435965_R1,100,100,40.6083,-75.4906,37.3797,-122.1364,1
9575266_L,9575266_R1,100,100,40.6347,-75.5847,37.3797,-122.1364,1
9575337_L,9575337_R1,100,100,40.6258,-75.3708,37.3542,-121.9542,1
9793902_L,9793902_R1,100,100,37.3394,-121.8939,32.9481,-96.7294,1
9793902_L,9793902_R2,100,100,37.3394,-121.8939,40.7061,-74.5497,1
9793902_R1,9793902_R2,100,100,32.9481,-96.7294,40.7061,-74.5497,0
9835809_L,9835809_R1,100,100,40.6347,-75.5847,37.5483,-121.9875,1
9939580_L,9939580_R1,100,100,37.3394,-121.8939,40.5367,-75.6317,1
9964719_L,9964719_R1,100,100,37.5842,-122.365,40.5367,-75.6317,1
9971096_L,9971096_R1,100,100,40.6083,-75.4906,37.3394,-121.8939,1
9076901_L,9076901_R1,100,100,51.497,11.9688,41.5569,-83.6272,1
9076901_L,9076901_R2,100,100,51.497,11.9688,38.6781,-121.175,1
9076901_R1,9076901_R2,100,100,41.5569,-83.6272,38.6781,-121.175,0
8672649_L,8672649_R1,100,100,37.9886,-84.4778,-26.442,153.011,1
8255650_L,8255650_R1,100,100,42.2833,-71.35,31.0456,121.3997,1
9879283_L,9879283_R1,100,100,33.1581,-117.3497,48.15,11.5833,1
8546460_L,8546460_R1,100,100,47.3546,8.4376,35.1494,-90.0489,1
8737620_L,8737620_R1,100,100,52.3667,4.65,45.4167,-75.7,1
8958558_L,8958558_R1,100,100,52.3667,4.65,45.4167,-75.7,1
9455834_L,9455834_R1,100,100,52.3667,4.65,45.4167,-75.7,1
9588756_L,9588756_R1,100,100,45.4167,-75.7,47.6106,-122.1994,1
9811666_L,9811666_R1,100,100,45.4167,-75.7,43.2364,-87.9844,1
9866381_L,9866381_R1,100,100,52.3667,4.65,45.4167,-75.7,1
9906360_L,9906360_R1,100,100,45.4167,-75.7,43.2364,-87.9844,1
9965623_L,9965623_R1,100,100,45.4167,-75.7,43.2364,-87.9844,1
9255363_L,9255363_R1,100,100,61.3667,16.9833,-29.9345,27.0579,1
9202821_L,9202821_R1,100,100,37.5631,-122.3244,40.4167,-86.8753,1
9322869_L,9322869_R1,100,100,32.8472,-117.2733,43.6614,-70.2558,1
9423449_L,9423449_R1,100,100,32.8472,-117.2733,43.6614,-70.2558,1
9440848_L,9440848_R1,100,100,34.8767,136.4149,37.2872,-121.9489,1
9440848_L,9440848_R2,100,100,34.8767,136.4149,42.3369,-71.2097,1
9440848_R1,9440848_R2,100,100,37.2872,-121.9489,42.3369,-71.2097,0
6941813_L,6941813_R1,100,100,32.7253,-97.3206,33.5225,-117.7067,1
7350916_L,7350916_R1,100,100,32.7356,-97.1078,41.6897,-87.7972,1
7476248_L,7476248_R1,100,100,32.9125,-96.6386,33.4222,-111.8219,1
7717558_L,7717558_R1,100,100,32.7356,-97.1078,41.6897,-87.7972,1
6637027_L,6637027_R1,100,100,47.6742,-122.1203,36.9742,-122.0297,1
6862027_L,6862027_R1,100,100,47.6817,-122.2075,37.3689,-122.0353,1
6947935_L,6947935_R1,100,100,47.6817,-122.2075,37.775,-122.4183,1
7064675_L,7064675_R1,100,100,37.4539,-122.1811,47.6064,-122.3308,1
7188188_L,7188188_R1,100,100,47.6064,-122.3308,37.3689,-122.0353,1
7230560_L,7230560_R1,100,100,37.4419,-122.1419,47.6106,-122.1994,1
7333114_L,7333114_R1,100,100,47.6817,-122.2075,37.3689,-122.0353,1
7339505_L,7339505_R1,100,100,37.4419,-122.1419,47.6106,-122.1994,1
7355601_L,7355601_R1,100,100,44.0217,-92.4697,47.5303,-122.0314,1
7355601_L,7355601_R2,100,100,44.0217,-92.4697,37.3689,-122.0353,1
7355601_R1,7355601_R2,100,100,47.5303,-122.0314,37.3689,-122.0353,0
7356668_L,7356668_R1,100,100,47.6742,-122.1203,37.3689,-122.0353,1
7370129_L,7370129_R1,100,100,37.775,-122.4183,47.6742,-122.1203,1
7403887_L,7403887_R1,100,100,37.2872,-121.9489,47.6211,-122.2264,1
7403935_L,7403935_R1,100,100,47.6817,-122.2075,37.775,-122.4183,1
7440950_L,7440950_R1,100,100,47.6817,-122.2075,37.775,-122.4183,1
7444523_L,7444523_R1,100,100,47.6742,-122.1203,37.3689,-122.0353,1
7451151_L,7451151_R1,100,100,47.6817,-122.2075,37.775,-122.4183,1
7477653_L,7477653_R1,100,100,37.775,-122.4183,47.6742,-122.1203,1
7480382_L,7480382_R1,100,100,48.0797,-123.1006,37.3861,-122.0828,1
7480701_L,7480701_R1,100,100,37.775,-122.4183,47.6742,-122.1203,1
7480701_L,7480701_R2,100,100,37.775,-122.4183,47.969,7.6987,1
7480701_R1,7480701_R2,100,100,47.6742,-122.1203,47.969,7.6987,0
7487448_L,7487448_R1,100,100,47.6742,-122.1203,37.3861,-122.0828,1
7492277_L,7492277_R1,100,100,37.4539,-122.1811,47.6064,-122.3308,1
7492278_L,7492278_R1,100,100,37.4539,-122.1811,47.6064,-122.3308,1
7502820_L,7502820_R1,100,100,47.6106,-122.1994,37.3861,-122.0828,1
7505012_L,7505012_R1,100,100,37.3394,-121.8939,46.0419,-117.3386,1
7505033_L,7505033_R1,100,100,31.8639,117.2808,47.6817,-122.2075,1
7506355_L,7506355_R1,100,100,37.3394,-121.8939,47.6817,-122.2075,1
7516140_L,7516140_R1,100,100,37.4419,-122.1419,47.6211,-122.2264,1
7516140_L,7516140_R2,100,100,37.4419,-122.1419,33.5336,-82.1308,1
7516140_R1,7516140_R2,100,100,47.6211,-122.2264,33.5336,-82.1308,0
7519899_L,7519899_R1,100,100,37.3861,-122.0828,47.5708,-122.2208,1
7529736_L,7529736_R1,100,100,47.6106,-122.1994,33.7489,-84.3881,1
7596692_L,7596692_R1,100,100,47.6064,-122.3308,37.5028,-122.4683,1
7634652_L,7634652_R1,100,100,47.6064,-122.3308,38.5789,-122.5786,1
7644427_L,7644427_R1,100,100,47.6817,-122.2075,37.775,-122.4183,1
7647365_L,7647365_R1,100,100,47.6817,-122.2075,37.775,-122.4183,1
7653802_L,7653802_R1,100,100,47.6742,-122.1203,37.3689,-122.0353,1
7657922_L,7657922_R1,100,100,47.6064,-122.3308,37.3853,-122.1131,1
7669222_L,7669222_R1,100,100,47.6064,-122.3308,38.5789,-122.5786,1
7673020_L,7673020_R1,100,100,47.6106,-122.1994,37.3861,-122.0828,1
7685306_L,7685306_R1,100,100,47.6064,-122.3308,38.5789,-122.5786,1
7706415_L,7706415_R1,100,100,37.3394,-121.8939,47.6106,-122.1994,1
7716290_L,7716290_R1,100,100,47.6742,-122.1203,37.5028,-122.4683,1
7757250_L,7757250_R1,100,100,47.6817,-122.2075,37.775,-122.4183,1
7813268_L,7813268_R1,100,100,37.4419,-122.1419,47.6817,-122.2075,1
7822993_L,7822993_R1,100,100,41.2786,-72.5281,47.6742,-122.1203,1
7822993_L,7822993_R2,100,100,41.2786,-72.5281,37.3689,-122.0353,1
7822993_R1,7822993_R2,100,100,47.6742,-122.1203,37.3689,-122.0353,0
7913279_L,7913279_R1,100,100,37.2267,-121.9736,33.6117,-111.7167,1
7944863_L,7944863_R1,100,100,37.775,-122.4183,47.6742,-122.1203,1
8024648_L,8024648_R1,100,100,37.3861,-122.0828,47.5708,-122.2208,1
8027518_L,8027518_R1,100,100,47.6742,-122.1203,37.3231,-122.0311,1
8073673_L,8073673_R1,100,100,37.2872,-121.9489,47.6211,-122.2264,1
8112764_L,8112764_R1,100,100,47.6742,-122.1203,37.5028,-122.4683,1
8340645_L,8340645_R1,100,100,37.4853,-122.2353,51.5112,-0.1198,1
8463776_L,8463776_R1,100,100,48.0797,-123.1006,37.3861,-122.0828,1
8508543_L,8508543_R1,100,100,47.6742,-122.1203,39.9042,116.4074,1
8514269_L,8514269_R1,100,100,32.6602,35.1046,47.6419,-122.0792,1
8654152_L,8654152_R1,100,100,47.6742,-122.1203,42.2711,-89.0939,1
8661332_L,8661332_R1,100,100,47.6742,-122.1203,37.3861,-122.0828,1
8730167_L,8730167_R1,100,100,31.8639,117.2808,47.6817,-122.2075,1
8739230_L,8739230_R1,100,100,47.6064,-122.3308,38.5789,-122.5786,1
8744237_L,8744237_R1,100,100,47.7544,-122.1622,37.4419,-122.1419,1
8768146_L,8768146_R1,100,100,47.6064,-122.3308,38.5789,-122.5786,1
8803952_L,8803952_R1,100,100,32.8156,34.9892,47.6419,-122.0792,1
8832708_L,8832708_R1,100,100,47.7544,-122.1622,37.2639,-122.0219,1
8832708_L,8832708_R2,100,100,47.7544,-122.1622,32.2217,-110.9258,1
8832708_R1,8832708_R2,100,100,37.2639,-122.0219,32.2217,-110.9258,0
8982151_L,8982151_R1,100,100,37.4419,-122.1419,47.6419,-122.0792,1
8984577_L,8984577_R1,100,100,37.4419,-122.1419,47.6742,-122.1203,1
8988463_L,8988463_R1,100,100,47.6419,-122.0792,50.9167,0.3333,1
9015746_L,9015746_R1,100,100,47.6742,-122.1203,37.4419,-122.1419,1
9077458_L,9077458_R1,100,100,47.6742,-122.1203,37.4419,-122.1419,1
9292767_L,9292767_R1,100,100,37.5483,-121.9875,47.6064,-122.3308,1
9348141_L,9348141_R1,100,100,47.6742,-122.1203,37.4419,-122.1419,1
9363546_L,9363546_R1,100,100,47.6742,-122.1203,37.4419,-122.1419,1
9392211_L,9392211_R1,100,100,47.7544,-122.1622,37.4419,-122.1419,1
9424490_L,9424490_R1,100,100,47.6419,-122.0792,37.3861,-122.0828,1
9424490_L,9424490_R2,100,100,47.6419,-122.0792,40.4775,-104.9008,1
9424490_R1,9424490_R2,100,100,37.3861,-122.0828,40.4775,-104.9008,0
9522330_L,9522330_R1,100,100,52.45,-1.9167,47.6419,-122.0792,1
9522330_L,9522330_R2,100,100,52.45,-1.9167,37.3689,-122.0353,1
9522330_R1,9522330_R2,100,100,47.6419,-122.0792,37.3689,-122.0353,0
9646623_L,9646623_R1,100,100,47.6419,-122.0792,37.3689,-122.0353,1
9648325_L,9648325_R1,100,100,47.5303,-122.0314,44.9537,-93.09,1
9691178_L,9691178_R1,100,100,47.6064,-122.3308,48.1486,17.1077,1
9710973_L,9710973_R1,100,100,47.6742,-122.1203,37.4419,-122.1419,1
9819970_L,9819970_R1,100,100,47.6106,-122.1994,37.3861,-122.0828,1
9819970_L,9819970_R2,100,100,47.6106,-122.1994,44.9537,-93.09,1
9819970_R1,9819970_R2,100,100,37.3861,-122.0828,44.9537,-93.09,0
9912562_L,9912562_R1,100,100,47.7544,-122.1622,45.0847,-93.0097,1
7696198_L,7696198_R1,100,100,40.9792,-74.1169,37.5072,-122.2594,1
6886046_L,6886046_R1,100,100,39.2403,-76.8397,26.1,-80.4,1
9308173_L,9308173_R1,100,100,40.1842,-75.2567,25.0392,118.4711,1
9699601_L,9699601_R1,100,100,51.5167,-0.7,32.2145,34.9891,1
9699601_L,9699601_R2,100,100,51.5167,-0.7,49.25,-123.1333,1
9699601_L,9699601_R3,100,100,51.5167,-0.7,37.3394,-121.8939,1
9699601_L,9699601_R4,100,100,51.5167,-0.7,-33.8794,151.2506,1
9699601_R1,9699601_R2,100,100,32.2145,34.9891,49.25,-123.1333,0
9699601_R1,9699601_R3,100,100,32.2145,34.9891,37.3394,-121.8939,0
9699601_R1,9699601_R4,100,100,32.2145,34.9891,-33.8794,151.2506,0
9699601_R2,9699601_R3,100,100,49.25,-123.1333,37.3394,-121.8939,0
9699601_R2,9699601_R4,100,100,49.25,-123.1333,-33.8794,151.2506,0
9699601_R3,9699601_R4,100,100,37.3394,-121.8939,-33.8794,151.2506,0
9699696_L,9699696_R1,100,100,51.5167,-0.7,49.25,-123.1333,1
9699696_L,9699696_R2,100,100,51.5167,-0.7,12.9833,77.5833,1
9699696_R1,9699696_R2,100,100,49.25,-123.1333,12.9833,77.5833,0
9717068_L,9717068_R1,100,100,-33.8794,151.2506,49.25,-123.1333,1
9717068_L,9717068_R2,100,100,-33.8794,151.2506,51.5558,-1.7797,1
9717068_R1,9717068_R2,100,100,49.25,-123.1333,51.5558,-1.7797,0
9729396_L,9729396_R1,100,100,51.5,-1.25,40.4182,-3.7091,1
9807652_L,9807652_R1,100,100,51.5167,-0.7,49.25,-123.1333,1
9807652_L,9807652_R2,100,100,51.5167,-0.7,12.9833,77.5833,1
9807652_R1,9807652_R2,100,100,49.25,-123.1333,12.9833,77.5833,0
9843479_L,9843479_R1,100,100,51.5,-1.25,40.4182,-3.7091,1
9894535_L,9894535_R1,100,100,51.3794,-2.3656,42.1783,-87.9978,1
9894535_L,9894535_R2,100,100,51.3794,-2.3656,37.5483,-121.9875,1
9894535_R1,9894535_R2,100,100,42.1783,-87.9978,37.5483,-121.9875,0
7818308_L,7818308_R1,100,100,42.3278,-71.2278,35.0844,-106.6506,1
8190437_L,8190437_R1,100,100,42.3317,-71.1217,52.2048,0.1095,1
8332223_L,8332223_R1,100,100,42.3317,-71.1217,52.2048,0.1095,1
8386263_L,8386263_R1,100,100,42.3317,-71.1217,52.2048,0.1095,1
8620657_L,8620657_R1,100,100,42.3317,-71.1217,52.2048,0.1095,1
9368109_L,9368109_R1,100,100,45.1333,7.2333,42.4183,-71.1067,1
9373330_L,9373330_R1,100,100,45.1333,7.2333,42.4183,-71.1067,1
9728191_L,9728191_R1,100,100,45.05,7.6667,42.4183,-71.1067,1
9865266_L,9865266_R1,100,100,45.1333,7.2333,42.4183,-71.1067,1
8032031_L,8032031_R1,100,100,41.9142,-88.3087,30.3494,-97.37,1
9259745_L,9259745_R1,100,100,43.55,-96.7,30.3494,-97.37,1
9584625_L,9584625_R1,100,100,44.0806,-103.2306,30.2669,-97.7428,1
9691237_L,9691237_R1,100,100,30.2669,-97.7428,40.0725,-74.7211,1
8986375_L,8986375_R1,100,100,44.98,-93.2636,38.4406,-122.7133,1
8986375_L,8986375_R2,100,100,44.98,-93.2636,53.2969,-8.9936,1
8986375_R1,8986375_R2,100,100,38.4406,-122.7133,53.2969,-8.9936,0
9066801_L,9066801_R1,100,100,32.032,34.8565,45.105,-93.2083,1
9066801_L,9066801_R2,100,100,32.032,34.8565,33.6694,-117.8222,1
9066801_R1,9066801_R2,100,100,45.105,-93.2083,33.6694,-117.8222,0
9072602_L,9072602_R1,100,100,45.105,-93.2083,32.3329,34.8599,1
9072603_L,9072603_R1,100,100,32.2696,34.8876,40.11393738,-89.1587677,1
9144493_L,9144493_R1,100,100,53.2969,-8.9936,32.3215,34.8532,1
9144493_L,9144493_R2,100,100,53.2969,-8.9936,38.4406,-122.7133,1
9144493_R1,9144493_R2,100,100,32.3215,34.8532,38.4406,-122.7133,0
9232995_L,9232995_R1,100,100,32.2696,34.8876,44.9133,-93.5031,1
9232995_L,9232995_R2,100,100,32.2696,34.8876,33.6694,-117.8222,1
9232995_R1,9232995_R2,100,100,44.9133,-93.5031,33.6694,-117.8222,0
9579197_L,9579197_R1,100,100,32.3329,34.8599,53.2969,-8.9936,1
9592120_L,9592120_R1,100,100,32.1658,34.8367,44.9133,-93.5031,1
9867698_L,9867698_R1,100,100,32.2696,34.8876,44.9133,-93.5031,1
9867698_L,9867698_R2,100,100,32.2696,34.8876,33.6694,-117.8222,1
9867698_R1,9867698_R2,100,100,44.9133,-93.5031,33.6694,-117.8222,0
9633472_L,9633472_R1,100,100,-36.8786,174.728,-27.471,153.0243,1
7276250_L,7276250_R1,100,100,41.5964,-73.9114,35.0867,-89.81,1
7711607_L,7711607_R1,100,100,37.2267,-121.9736,32.1848,34.8713,1
7853959_L,7853959_R1,100,100,37.2267,-121.9736,40.0439,-75.3881,1
7853959_L,7853959_R2,100,100,37.2267,-121.9736,32.1848,34.8713,1
7853959_R1,7853959_R2,100,100,40.0439,-75.3881,32.1848,34.8713,0
7958186_L,7958186_R1,100,100,37.4675,-122.1664,49.2842,8.7381,1
6427158_L,6427158_R1,100,100,32.2217,-110.9258,35.3711,139.2236,1
6538477_L,6538477_R1,100,100,32.2217,-110.9258,30.2669,-97.7428,1
6727752_L,6727752_R1,100,100,32.7833,-96.8,32.2217,-110.9258,1
6750641_L,6750641_R1,100,100,32.2217,-110.9258,53.55,-113.5,1
6844775_L,6844775_R1,100,100,32.2217,-110.9258,49.5897,11.0039,1
6897794_L,6897794_R1,100,100,30.2669,-97.7428,32.2217,-110.9258,1
7047263_L,7047263_R1,100,100,32.2217,-110.9258,30.2669,-97.7428,1
7403094_L,7403094_R1,100,100,32.2217,-110.9258,48.2841,11.5672,1
7425848_L,7425848_R1,100,100,49.5897,11.0039,32.2217,-110.9258,1
7449873_L,7449873_R1,100,100,49.5897,11.0039,32.2217,-110.9258,1
7466201_L,7466201_R1,100,100,32.2217,-110.9258,33.0197,-96.6986,1
7633280_L,7633280_R1,100,100,32.2217,-110.9258,30.6742,-96.3697,1
7705517_L,7705517_R1,100,100,32.2217,-110.9258,33.0197,-96.6986,1
7714552_L,7714552_R1,100,100,48.2841,11.5672,32.2217,-110.9258,1
7768351_L,7768351_R1,100,100,13.35,74.75,32.2217,-110.9258,1
7768351_L,7768351_R2,100,100,13.35,74.75,30.6742,-96.3697,1
7768351_R1,7768351_R2,100,100,32.2217,-110.9258,30.6742,-96.3697,0
7796060_L,7796060_R1,100,100,32.2217,-110.9258,33.0197,-96.6986,1
7813177_L,7813177_R1,100,100,32.2217,-110.9258,32.9481,-96.7294,1
7847637_L,7847637_R1,100,100,49.5897,11.0039,32.2217,-110.9258,1
8026177_L,8026177_R1,100,100,32.2217,-110.9258,33.0197,-96.6986,1
8053322_L,8053322_R1,100,100,33.1578,-96.6314,32.2217,-110.9258,1
8093115_L,8093115_R1,100,100,48.4,11.7333,32.2217,-110.9258,1
8114744_L,8114744_R1,100,100,33.0197,-96.6986,32.2217,-110.9258,1
8114779_L,8114779_R1,100,100,32.2217,-110.9258,33.0197,-96.6986,1
8115272_L,8115272_R1,100,100,32.2217,-110.9258,33.0197,-96.6986,1
8159207_L,8159207_R1,100,100,32.2217,-110.9258,30.6742,-96.3697,1
8178915_L,8178915_R1,100,100,32.8364,-96.4747,40.1278,-75.4322,1
8193683_L,8193683_R1,100,100,32.2217,-110.9258,33.0197,-96.6986,1
8253389_L,8253389_R1,100,100,32.7833,-96.8,32.2217,-110.9258,1
8452557_L,8452557_R1,100,100,48.55,9.2167,32.9761,-96.595,1
8482317_L,8482317_R1,100,100,33.015,-96.5386,32.2217,-110.9258,1
8493051_L,8493051_R1,100,100,33.6356,-96.6086,32.2217,-110.9258,1
8493077_L,8493077_R1,100,100,48.5,11.7667,32.2217,-110.9258,1
8514120_L,8514120_R1,100,100,33.0197,-96.6986,32.2217,-110.9258,1
8624568_L,8624568_R1,100,100,32.2217,-110.9258,33.015,-96.5386,1
8642370_L,8642370_R1,100,100,32.2217,-110.9258,32.9481,-96.7294,1
8652971_L,8652971_R1,100,100,32.9481,-96.7294,32.2217,-110.9258,1
8680839_L,8680839_R1,100,100,15.5833,75.7667,32.2217,-110.9258,1
8715192_L,8715192_R1,100,100,32.2217,-110.9258,33.0197,-96.6986,1
8716083_L,8716083_R1,100,100,32.8364,-96.4747,40.1278,-75.4322,1
8721550_L,8721550_R1,100,100,33.1031,-96.6703,32.2217,-110.9258,1
8729877_L,8729877_R1,100,100,33.015,-96.5386,32.2217,-110.9258,1
8736354_L,8736354_R1,100,100,48.1667,11.8167,33.2147,-97.1328,1
8797772_L,8797772_R1,100,100,32.2217,-110.9258,42.9464,-71.5164,1
8810311_L,8810311_R1,100,100,28.0833,-80.6083,32.2217,-110.9258,1
8831077_L,8831077_R1,100,100,33.0197,-96.6986,31.9575,-110.955,1
8831077_L,8831077_R2,100,100,33.0197,-96.6986,37.3861,-122.0828,1
8831077_R1,8831077_R2,100,100,31.9575,-110.955,37.3861,-122.0828,0
8836377_L,8836377_R1,100,100,32.2217,-110.9258,33.2147,-97.1328,1
8873644_L,8873644_R1,100,100,32.2217,-110.9258,48.15,11.5833,1
8890610_L,8890610_R1,100,100,32.2217,-110.9258,28.1758,-80.5903,1
8981445_L,8981445_R1,100,100,32.8364,-96.4747,40.1278,-75.4322,1
9054657_L,9054657_R1,100,100,33.2147,-97.1328,32.2217,-110.9258,1
9063559_L,9063559_R1,100,100,32.2217,-110.9258,33.0197,-96.6986,1
9064903_L,9064903_R1,100,100,32.8364,-96.4747,32.2217,-110.9258,1
9088334_L,9088334_R1,100,100,49.191,11.0132,33.2147,-97.1328,1
9128571_L,9128571_R1,100,100,32.2217,-110.9258,47.9447,-122.3033,1
9128571_L,9128571_R2,100,100,32.2217,-110.9258,42.7653,-71.4681,1
9128571_R1,9128571_R2,100,100,47.9447,-122.3033,42.7653,-71.4681,0
9157807_L,9157807_R1,100,100,32.2217,-110.9258,33.0197,-96.6986,1
9195341_L,9195341_R1,100,100,32.2217,-110.9258,37.775,-122.4183,1
9276638_L,9276638_R1,100,100,31.9575,-110.955,37.3861,-122.0828,1
9331734_L,9331734_R1,100,100,49.191,11.0132,33.0197,-96.6986,1
9331734_L,9331734_R2,100,100,49.191,11.0132,32.2217,-110.9258,1
9331734_R1,9331734_R2,100,100,33.0197,-96.6986,32.2217,-110.9258,0
9520861_L,9520861_R1,100,100,40.1278,-75.4322,33.0197,-96.6986,1
9634617_L,9634617_R1,100,100,32.2217,-110.9258,33.0197,-96.6986,1
9787362_L,9787362_R1,100,100,31.9575,-110.955,37.3861,-122.0828,1
9837973_L,9837973_R1,100,100,32.2217,-110.9258,28.1758,-80.5903,1
9119010_L,9119010_R1,100,100,46.3888,6.2393,39.8028,-105.0869,1
9179228_L,9179228_R1,100,100,46.3888,6.2393,39.8028,-105.0869,1
9210521_L,9210521_R1,100,100,40.015,-105.27,46.4212,6.267,1
9258656_L,9258656_R1,100,100,46.3888,6.2393,39.8028,-105.0869,1
9736601_L,9736601_R1,100,100,40.015,-105.27,46.4212,6.267,1
9788125_L,9788125_R1,100,100,39.8028,-105.0869,46.4657,6.8951,1
9788125_L,9788125_R2,100,100,39.8028,-105.0869,33.8719,35.5097,1
9788125_R1,9788125_R2,100,100,46.4657,6.8951,33.8719,35.5097,0
7930829_L,7930829_R1,100,100,41.8097,-72.8311,53.3694,-1.4944,1
8549755_L,8549755_R1,100,100,47.2488,6.0182,41.8097,-72.8311,1
8833626_L,8833626_R1,100,100,41.9667,-71.55,24.1433,120.6814,1
9221161_L,9221161_R1,100,100,41.9667,-71.55,24.1433,120.6814,1
9242359_L,9242359_R1,100,100,45.65,9.15,55.2083,-2.0784,1
9242359_L,9242359_R2,100,100,45.65,9.15,41.5153,-71.7019,1
9242359_L,9242359_R3,100,100,45.65,9.15,24.1433,120.6814,1
9242359_R1,9242359_R2,100,100,55.2083,-2.0784,41.5153,-71.7019,0
9242359_R1,9242359_R3,100,100,55.2083,-2.0784,24.1433,120.6814,0
9242359_R2,9242359_R3,100,100,41.5153,-71.7019,24.1433,120.6814,0
9353739_L,9353739_R1,100,100,35.8028,-88.7747,41.7406,-71.3092,1
8384045_L,8384045_R1,100,100,35.685,139.7514,40.1164,-88.2433,1
9034261_L,9034261_R1,100,100,40.1106,-88.2072,35.4437,139.638,1
9176055_L,9176055_R1,100,100,40.1106,-88.2072,40.015,-105.27,1
9176055_L,9176055_R2,100,100,40.1106,-88.2072,37.5833,139.9167,1
9176055_R1,9176055_R2,100,100,40.015,-105.27,37.5833,139.9167,0
9897530_L,9897530_R1,100,100,33.5336,-82.1308,21.3069,-157.8583,1
7888075_L,7888075_R1,100,100,34.09,-117.8894,38.9981,-77.2886,1
9168523_L,9168523_R1,100,100,33.4269,-117.6111,44.8278,-92.9436,1
9414815_L,9414815_R1,100,100,29.5847,-98.5522,38.9333,-119.9833,1
9828358_L,9828358_R1,100,100,32.7153,-117.1564,40.4775,-74.6272,1
9525551_L,9525551_R1,100,100,42.3317,-71.1217,34.1706,-118.8367,1
9621576_L,9621576_R1,100,100,42.4153,-71.1569,39.1653,-86.5264,1
9667611_L,9667611_R1,100,100,42.3833,-71.4167,51.85,-1.3167,1
9860059_L,9860059_R1,100,100,42.5792,-71.4383,51.85,-1.3167,1
8862271_L,8862271_R1,100,100,34.1992,-118.1869,42.3708,-71.1833,1
9220389_L,9220389_R1,100,100,42.1944,-71.2,34.1478,-118.1436,1
9442488_L,9442488_R1,100,100,34.1992,-118.1869,42.3708,-71.1833,1
9615712_L,9615712_R1,100,100,42.1944,-71.2,34.1478,-118.1436,1
9744670_L,9744670_R1,100,100,42.3764,-71.2361,34.1792,-118.7619,1
7362089_L,7362089_R1,100,100,37.3542,-121.9542,36.2113,139.5342,1
5250228_L,5250228_R1,100,100,37.5483,-121.9875,51.5558,-1.7797,1